{"train/grad_norm":0.8460184335708618,"train/epoch":7,"train_steps_per_second":0.269,"train/loss":0.1297,"train_samples_per_second":2.148,"_wandb":{"runtime":9903},"_step":266,"_runtime":9903,"train/learning_rate":6.974393164105308e-11,"total_flos":1.5803144640073728e+16,"train/global_step":2660,"train/mean_token_accuracy":0.95625,"train/entropy":0.18495065867900848,"train/num_tokens":2.166234e+06,"train_runtime":9901.7385,"train_loss":0.45260024232075624,"_timestamp":1.7591581472633345e+09}