{"train/mean_token_accuracy":0.78671875,"train/epoch":0.8715596330275229,"train/global_step":190,"_timestamp":1.759147345474277e+09,"train/learning_rate":0.00019252522440559977,"train/loss":0.9614,"train/grad_norm":0.6703596115112305,"train/num_tokens":270442,"_step":18,"_runtime":1258,"train/entropy":0.9614419281482697,"_wandb":{"runtime":1258}}